<?xml version="1.0" encoding="UTF-8"?>
<queries>


 <aQuery>
		<all-regions/>
 <supplyDemandQuery title="ag production by crop type">
               <axis1 name="sector">sector[@name]</axis1>
               <axis2 name="Year">physical-output[@vintage]</axis2>
               <xPath buildList="true" dataName="output" group="false" sumAll="false">*[@type='sector' and (local-name()='AgSupplySector')]//
            output-primary/physical-output/node()</xPath>
               <comments>primary output only (no residue biomass)</comments>
            </supplyDemandQuery>
 </aQuery>

 <aQuery>
		<all-regions/>
                <supplyDemandQuery title="ag production by subsector (land use region)">
                    <axis1 name="technology">technology[@name]</axis1>
                    <axis2 name="Year">physical-output[@vintage]</axis2>
                    <xPath buildList="true" dataName="output" group="false" sumAll="false">*[@type='sector' and (local-name()='AgSupplySector')]/
            *[@type='subsector']//output-primary/physical-output/node()</xPath>
                    <comments>primary output only (no residue biomass)</comments>
                </supplyDemandQuery>
 </aQuery>


 <aQuery>
		<all-regions/>
         <marketQuery title="prices of all markets">
            <axis1 name="market">market</axis1>
            <axis2 name="Year">market</axis2>
            <xPath buildList="true" dataName="price" group="false" sumAll="false">Marketplace/market[true()]/price/node()</xPath>
            <comments/>
         </marketQuery>
 </aQuery>

<aQuery>
		<all-regions/>
      <supplyDemandQuery title="Ag Commodity Prices">
         <axis1 name="sector">sector</axis1>
         <axis2 name="Year">cost</axis2>
         <xPath buildList="true" dataName="yield" group="false" sumAll="false">*[@type='sector' and
            (exists(child::keyword/@supplysector) or local-name() =
            'AgSupplySector')]/cost/text()</xPath>
         <comments/>
      </supplyDemandQuery>
   </aQuery>



 <aQuery>
		<all-regions/>
<emissionsQueryBuilder title="International Aviation emissions">
<axis1 name="subsector">subsector</axis1><axis2 name="Year">emissions</axis2>
<xPath buildList="true" dataName="emissions" group="false" sumAll="false">*[@type = 'sector' ]/*[@type = 'subsector' and (@name='International Aviation')]//*[@type = 'GHG']/emissions/node()</xPath>
<comments>This query will not include resource emissions</comments>
</emissionsQueryBuilder>
 </aQuery>

 <aQuery>
		<all-regions/>
<emissionsQueryBuilder title="International Shipping emissions">
<axis1 name="subsector">subsector</axis1><axis2 name="Year">emissions</axis2>
<xPath buildList="true" dataName="emissions" group="false" sumAll="false">*[@type = 'sector' ]/*[@type = 'subsector' and (@name='International Ship')]//*[@type = 'GHG']/emissions/node()</xPath>
<comments>This query will not include resource emissions</comments>
</emissionsQueryBuilder>
 </aQuery>

 <aQuery>
  <all-regions/>
            <emissionsQueryBuilder title="nonCO2 emissions by resource production">
                <axis1 name="GHG">GHG</axis1>
                <axis2 name="Year">emissions</axis2>
                <xPath buildList="true" dataName="emissions" group="false" sumAll="false">*[@type = 'resource']//*[@type = 'GHG' and @name != 'CO2' and @name != 'CO2_FUG']/emissions/node()</xPath>
				<labelRewriteList append-values="false">
                    <level name="GHG">
                        <rewrite from="CO2_FUG" to="CO2"/>
                    </level>
                </labelRewriteList>
                <comments/>
            </emissionsQueryBuilder>
 </aQuery>

</queries>